{"trial_id": "0033", "hyperparameters": {"space": [{"class_name": "Choice", "config": {"name": "hp_concentration", "default": 0.1, "conditions": [], "values": [0.1, 0.2, 0.30000000000000004, 0.4, 0.5, 0.6, 0.7000000000000001, 0.8, 0.9, 1.0, 1.1, 1.2000000000000002, 1.3000000000000003, 1.4000000000000001, 1.5000000000000002, 1.6, 1.7000000000000002, 1.8000000000000003, 1.9000000000000001, 2.0, 2.1, 2.2, 2.3000000000000003, 2.4000000000000004, 2.5000000000000004, 2.6, 2.7, 2.8000000000000003, 2.9000000000000004, 3.0000000000000004, 3.1, 3.2, 3.3000000000000003, 3.4000000000000004, 3.5000000000000004, 3.6, 3.7, 3.8000000000000003, 3.9000000000000004, 4.0, 4.1, 4.2, 4.3, 4.3999999999999995, 4.5, 4.6, 4.7, 4.8, 4.9], "ordered": true}}, {"class_name": "Choice", "config": {"name": "hp_rate", "default": 0.1, "conditions": [], "values": [0.1, 0.2, 0.30000000000000004, 0.4, 0.5, 0.6, 0.7000000000000001, 0.8, 0.9, 1.0, 1.1, 1.2000000000000002, 1.3000000000000003, 1.4000000000000001, 1.5000000000000002, 1.6, 1.7000000000000002, 1.8000000000000003, 1.9000000000000001, 2.0, 2.1, 2.2, 2.3000000000000003, 2.4000000000000004, 2.5000000000000004, 2.6, 2.7, 2.8000000000000003, 2.9000000000000004, 3.0000000000000004, 3.1, 3.2, 3.3000000000000003, 3.4000000000000004, 3.5000000000000004, 3.6, 3.7, 3.8000000000000003, 3.9000000000000004, 4.0, 4.1, 4.2, 4.3, 4.3999999999999995, 4.5, 4.6, 4.7, 4.8, 4.9], "ordered": true}}], "values": {"hp_concentration": 0.7000000000000001, "hp_rate": 1.4000000000000001, "tuner/epochs": 2, "tuner/initial_epoch": 0, "tuner/bracket": 3, "tuner/round": 0}}, "metrics": {"metrics": {"loss": {"direction": "min", "observations": [{"value": [-1.0423659086227417], "step": 0}]}, "val_loss": {"direction": "min", "observations": [{"value": [-1.0592190027236938], "step": 0}]}}}, "score": -1.0592190027236938, "best_step": 0, "status": "COMPLETED", "message": null}